{"cameraMode":{"drawMode":0,"name":"Shaded","section":"Shading Mode"},"sceneLighting":false,"audioPlay":false,"sceneViewState":{"showFog":true,"showMaterialUpdate":false,"showSkybox":false,"showFlares":true,"showImageEffects":true,"showParticleSystems":true},"in2DMode":false,"pivot":{"x":0.0,"y":1.2161554098129273,"z":14.356393814086914},"rotation":{"x":-0.08710090816020966,"y":0.8363248109817505,"z":-0.13926759362220765,"w":-0.5230515003204346},"size":9.076202392578125,"orthographic":false}