{"cameraMode":{"drawMode":0,"name":"Shaded","section":"Shading Mode"},"sceneLighting":false,"audioPlay":false,"sceneViewState":{"showFog":true,"showMaterialUpdate":false,"showSkybox":false,"showFlares":true,"showImageEffects":true,"showParticleSystems":true},"in2DMode":false,"pivot":{"x":8.051812171936036,"y":3.0693531036376955,"z":11.101827621459961},"rotation":{"x":-0.08710090816020966,"y":0.8363248109817505,"z":-0.13926759362220765,"w":-0.5230515003204346},"size":0.9641186594963074,"orthographic":false}